,test,sum
2020-07-10,0 days 00:02:24.000000000,0 days 00:02:24.000000000
